[{"type":"service","profile":[{"name":"服務專員","avatar":"/images/avatar.png"}],"content":[{"msg":"您好！","read":"","time":"2018/09/19 14:55:13"}]},{"type":"client","profile":[{"name":"王大明","avatar":"/images/avatar.png"}],"content":[{"msg":"我想要ES的型錄！","read":"","time":"2018/09/19 14:55:19"}]},{"type":"service","profile":[{"name":"服務專員","avatar":"/images/avatar.png"}],"content":[{"msg":"好的，馬上為您準備車款資訊！","read":"","time":"2018/09/19 14:55:25"}]}]