[{
		"id": "C0003",
		"type": "CT200H",
		"vehicle_id": "ABZ-1234",
		"name": "王大明",
		"avatar": "/images/avatar.png",
		"unread": 2,
		"latest_msg": [{
				"msg": "是的",
				"time": "2019/09/20 10:11:50"
			}
		],
		"note": [{
				"msg": "生日"
			}
		]
	}, {
		"id": "C0001",
		"type": "ES200",
		"vehicle_id": "ABE-1234",
		"name": "陳大為",
		"avatar": "/images/avatar.png",
		"unread": 4,
		"latest_msg": [{
				"msg": "謝謝！！",
				"time": "2019/09/18 14:05:03"
			}
		],
		"note": [{
				"msg": "保險到期日09/26"
			}
		]
	}, {
		"id": "UWtqzPU9@&smq9b&KVvf",
		"type": "RX450H",
		"vehicle_id": "ACE-8866",
		"name": "林小東",
		"avatar": "/images/avatar.png",
		"unread": 0,
		"latest_msg": [{
				"msg": "感謝您！",
				"time": "2019/09/21 08:05:15"
			}
		],
		"note": []
	}, {
		"id": "KEpz5bFFx&mnzd5UZfZf",
		"type": "GS300",
		"vehicle_id": "LXS-8888",
		"name": "吳小涵",
		"avatar": "/images/avatar.png",
		"unread": 0,
		"latest_msg": [{
				"msg": "了解",
				"time": "2019/09/15 18:35:07"
			}
		],
		"note": []
	}, {
		"id": "Qr8zrWexwdXtbHQkV5bY",
		"type": "NX200",
		"vehicle_id": "AAA-0000",
		"name": "李小龍",
		"avatar": "/images/avatar.png",
		"unread": 0,
		"latest_msg": [{
				"msg": "您已寄出一張圖片",
				"time": "2019/09/17 12:00:44"
			}
		],
		"note": []
	}
]
